n_neighbors,n_components,min_dist,metric,min_cluster_size,min_samples,hdbscan_metric,cluster_selection_method,prediction_data,n_topics,silhouette,diversity,coherence_cv,silhouette_norm,diversity_norm,coherence_cv_norm,score_sdc,score_sc
15,3,0.0,cosine,10,5,euclidean,eom,True,1115,0.0545,0.743,0.4453,0.37171215880893294,0.985883250667684,0.0,0.4525318031588723,0.18585607940446647
15,3,0.0,cosine,10,10,euclidean,eom,True,746,0.059,0.7027,0.4959,0.3940446650124069,0.832125143075162,0.14051652318800342,0.4555621104251908,0.26728059410020516
15,3,0.0,cosine,10,20,euclidean,eom,True,453,0.0754,0.6528,0.5373,0.4754342431761786,0.6417397939717666,0.25548458761455156,0.45755287492083224,0.3654594153953651
15,3,0.0,cosine,20,5,euclidean,eom,True,567,0.0699,0.6603,0.5213,0.4481389578163772,0.6703548264021365,0.21105248542071647,0.4431820898797434,0.32959572161854683
15,3,0.0,cosine,20,10,euclidean,eom,True,469,0.0702,0.6367,0.5438,0.4496277915632754,0.5803128576879055,0.2735351291307969,0.4344919261273259,0.3615814603470362
15,3,0.0,cosine,20,20,euclidean,eom,True,395,0.0857,0.6251,0.5619,0.5265508684863524,0.5360549408622662,0.3237989447375728,0.46213491802873047,0.42517490661196256
15,3,0.0,cosine,30,5,euclidean,eom,True,384,0.0624,0.6315,0.557,0.41091811414392054,0.5604731018695153,0.3101916134407111,0.42719427648471564,0.3605548637923158
15,3,0.0,cosine,30,10,euclidean,eom,True,351,0.069,0.6342,0.5686,0.4436724565756824,0.5707745135444486,0.3424048875312414,0.45228395255045745,0.3930386720534619
15,3,0.0,cosine,30,20,euclidean,eom,True,287,0.0747,0.6122,0.5988,0.47196029776674936,0.4868370850820296,0.426270480422105,0.46168928775696133,0.44911538909442716
15,3,0.0,cosine,50,5,euclidean,eom,True,230,0.0716,0.6378,0.5988,0.456575682382134,0.5845097291110264,0.426270480422105,0.4891186306384217,0.4414230814021195
15,3,0.0,cosine,50,10,euclidean,eom,True,213,0.0723,0.6272,0.6185,0.4600496277915633,0.5440671499427698,0.4809775062482645,0.4950314279941992,0.47051356701991387
15,3,0.0,cosine,50,20,euclidean,eom,True,197,0.0665,0.6051,0.6346,0.4312655086848635,0.4597481877146126,0.5256873090808111,0.472233668493429,0.47847640888283727
15,3,0.0,cosine,75,5,euclidean,eom,True,166,0.0793,0.6398,0.6274,0.494789081885856,0.5921404044257917,0.5056928630935851,0.530874116468411,0.5002409724897205
15,3,0.0,cosine,75,10,euclidean,eom,True,159,0.0733,0.634,0.632,0.4650124069478908,0.5700114460129722,0.5184670924743128,0.5178303151450586,0.4917397497111018
15,3,0.0,cosine,75,20,euclidean,eom,True,149,0.079,0.6201,0.6443,0.4933002481389578,0.5169782525753528,0.5526242710358233,0.5209675905833779,0.5229622595873906
15,3,0.0,cosine,100,5,euclidean,eom,True,132,0.0738,0.6341,0.6531,0.4674937965260546,0.5703929797787104,0.5770619272424328,0.5383162345157326,0.5222778618842436
15,3,0.0,cosine,100,10,euclidean,eom,True,122,0.0669,0.6328,0.6612,0.43325062034739453,0.565433040824113,0.5995556789780617,0.5327464467165232,0.5164031496627282
15,3,0.0,cosine,100,20,euclidean,eom,True,123,0.075,0.6325,0.6668,0.4734491315136476,0.5642884395268979,0.6151069147459038,0.5509481619288165,0.5442780231297757
15,3,0.0,cosine,150,5,euclidean,eom,True,97,0.0906,0.6619,0.6792,0.5508684863523573,0.676459366653949,0.6495417939461262,0.6256232156508109,0.6002051401492418
15,3,0.0,cosine,150,10,euclidean,eom,True,93,0.0868,0.6667,0.6719,0.5320099255583126,0.6947729874093855,0.629269647320189,0.618684186762629,0.5806397864392507
15,3,0.0,cosine,150,20,euclidean,eom,True,91,0.0888,0.656,0.6935,0.5419354838709677,0.6539488744753912,0.6892529852818662,0.6283791145427416,0.6155942345764169
15,3,0.0,cosine,200,5,euclidean,eom,True,81,0.1077,0.6728,0.6917,0.6357320099255582,0.7180465471194198,0.6842543737850597,0.6793443102766793,0.659993191855309
15,3,0.0,cosine,200,10,euclidean,eom,True,78,0.1039,0.6705,0.6958,0.6168734491315137,0.7092712705074398,0.6956400999722299,0.6739282732037278,0.6562567745518717
15,3,0.0,cosine,200,20,euclidean,eom,True,69,0.1091,0.6652,0.7046,0.6426799007444168,0.6890499809233117,0.7200777561788392,0.6839358792821892,0.681378828461628
15,5,0.0,cosine,10,5,euclidean,eom,True,1018,0.0792,0.7247,0.4804,0.49429280397022335,0.916062571537581,0.09747292418772568,0.5026094332318434,0.2958828640789745
15,5,0.0,cosine,10,10,euclidean,eom,True,789,0.0873,0.707,0.5049,0.5344913151364764,0.8485310950019075,0.16550958067203564,0.5161773302701399,0.350000447904256
15,5,0.0,cosine,10,20,euclidean,eom,True,468,0.0898,0.6571,0.5522,0.5468982630272953,0.658145745898512,0.29686198278256054,0.5006353305694559,0.42188012290492793
15,5,0.0,cosine,20,5,euclidean,eom,True,541,0.0813,0.6529,0.5402,0.5047146401985111,0.6421213277375049,0.2635379061371842,0.4701246246910668,0.38412627316784764
15,5,0.0,cosine,20,10,euclidean,eom,True,477,0.0883,0.6463,0.5462,0.539454094292804,0.616940099198779,0.28019994445987234,0.4788647126504851,0.40982701937633814
15,5,0.0,cosine,20,20,euclidean,eom,True,406,0.0926,0.632,0.5712,0.5607940446650124,0.5623807706982068,0.3496251041377397,0.49093330650031963,0.455209574401376
15,5,0.0,cosine,30,5,euclidean,eom,True,370,0.0968,0.6384,0.5746,0.5816377171215881,0.5867989317054558,0.3590669258539295,0.5091678582269911,0.4703523214877588
15,5,0.0,cosine,30,10,euclidean,eom,True,339,0.0914,0.6351,0.5834,0.5548387096774193,0.574208317436093,0.38350458206053883,0.5041838697246837,0.4691716458689791
15,5,0.0,cosine,30,20,euclidean,eom,True,297,0.0907,0.6162,0.6005,0.5513647642679901,0.5020984357115603,0.4309913912802001,0.49481819708658353,0.49117807777409506
15,5,0.0,cosine,50,5,euclidean,eom,True,228,0.0969,0.6439,0.607,0.5821339950372209,0.6077832888210607,0.44904193279644544,0.546319738884909,0.5155879639168331
15,5,0.0,cosine,50,10,euclidean,eom,True,209,0.0912,0.6373,0.6176,0.5538461538461539,0.5826020602823349,0.4784782004998613,0.5383088048761168,0.5161621771730076
15,5,0.0,cosine,50,20,euclidean,eom,True,197,0.1108,0.6325,0.6257,0.6511166253101736,0.5642884395268979,0.5009719522354903,0.5721256723575205,0.5760442887728319
15,5,0.0,cosine,75,5,euclidean,eom,True,155,0.1059,0.6368,0.6482,0.6267990074441687,0.5806943914536438,0.5634545959455707,0.5903159982811278,0.5951268016948696
15,5,0.0,cosine,75,10,euclidean,eom,True,160,0.0988,0.635,0.6501,0.5915632754342431,0.5738267836703548,0.5687309080810886,0.5780403223952288,0.5801470917576659
15,5,0.0,cosine,75,20,euclidean,eom,True,141,0.1122,0.6383,0.6669,0.6580645161290322,0.5864173979397176,0.6153846153846155,0.6199555098177885,0.6367245657568239
15,5,0.0,cosine,100,5,euclidean,eom,True,127,0.1136,0.6465,0.6744,0.6650124069478908,0.6177031667302555,0.6362121632879756,0.6396425789887074,0.6506122851179332
15,5,0.0,cosine,100,10,euclidean,eom,True,127,0.1027,0.6394,0.6762,0.6109181141439206,0.5906142693628385,0.6412107747847821,0.6142477194305137,0.6260644444643513
15,5,0.0,cosine,100,20,euclidean,eom,True,113,0.1044,0.6496,0.6709,0.6193548387096774,0.6295307134681417,0.6264926409330743,0.6251260643702978,0.6229237398213758
15,5,0.0,cosine,150,5,euclidean,eom,True,90,0.106,0.6822,0.6887,0.6272952853598015,0.7539107210988173,0.6759233546237156,0.6857097870274448,0.6516093199917585
15,5,0.0,cosine,150,10,euclidean,eom,True,91,0.0987,0.6879,0.695,0.5910669975186104,0.7756581457458983,0.693418494862538,0.6867145460423489,0.6422427461905742
15,5,0.0,cosine,150,20,euclidean,eom,True,85,0.1105,0.6765,0.6927,0.6496277915632754,0.7321632964517358,0.6870313801721744,0.6896074893957286,0.668329585867725
15,5,0.0,cosine,200,5,euclidean,eom,True,37,-0.0106,0.5135,0.778,0.04863523573200993,0.11026325829835931,0.9239100249930575,0.3609361730078089,0.4862726303625337
15,5,0.0,cosine,200,10,euclidean,eom,True,38,-0.0204,0.5079,0.7906,0.0,0.08889736741701655,0.9589003054707025,0.349265890962573,0.47945015273535124
15,5,0.0,cosine,200,20,euclidean,eom,True,69,0.1168,0.6942,0.7085,0.6808933002481389,0.7996947729874094,0.7309080810885865,0.7371653847747116,0.7059006906683627
15,10,0.0,cosine,10,5,euclidean,eom,True,1048,0.0848,0.7313,0.4795,0.5220843672456575,0.9412438000763065,0.09497361843932242,0.5194339285870955,0.30852899284248997
15,10,0.0,cosine,10,10,euclidean,eom,True,801,0.084,0.7135,0.5059,0.5181141439205955,0.8733307897748951,0.16828658705915034,0.5199105069182136,0.3432003654898729
15,10,0.0,cosine,10,20,euclidean,eom,True,471,0.0987,0.6709,0.5438,0.5910669975186104,0.7107974055703932,0.2735351291307969,0.5251331774066003,0.43230106332470364
15,10,0.0,cosine,20,5,euclidean,eom,True,560,0.0859,0.6675,0.5304,0.5275434243176179,0.6978252575352918,0.23632324354346015,0.48723064179878994,0.381933333930539
15,10,0.0,cosine,20,10,euclidean,eom,True,501,0.1032,0.6545,0.5452,0.6133995037220843,0.6482258679893169,0.27742293807275764,0.5130161032613864,0.44541122089742097
15,10,0.0,cosine,20,20,euclidean,eom,True,411,0.1082,0.6509,0.5629,0.638213399503722,0.6344906524227395,0.3265759511246875,0.533093334350383,0.48239467531420477
15,10,0.0,cosine,30,5,euclidean,eom,True,376,0.1004,0.6484,0.5645,0.5995037220843672,0.6249523082792826,0.33101916134407117,0.5184917305692404,0.4652614417142192
15,10,0.0,cosine,30,10,euclidean,eom,True,315,0.1003,0.6263,0.5884,0.5990074441687344,0.5406333460511253,0.39738961399611233,0.5123434680719907,0.49819852908242335
15,10,0.0,cosine,30,20,euclidean,eom,True,285,0.1114,0.6214,0.6021,0.6540942928039701,0.5219381915299502,0.4354346014995834,0.5371556952778346,0.5447644471517767
15,10,0.0,cosine,50,5,euclidean,eom,True,228,0.1009,0.6535,0.6102,0.601985111662531,0.6444105303319342,0.45792835323521236,0.5681079984098926,0.5299567324488716
15,10,0.0,cosine,50,10,euclidean,eom,True,210,0.105,0.6395,0.6208,0.6223325062034739,0.5909958031285767,0.48736462093862826,0.5668976434235596,0.5548485635710511
15,10,0.0,cosine,50,20,euclidean,eom,True,180,0.1207,0.6389,0.6326,0.7002481389578163,0.5887066005341474,0.5201332963065817,0.6030293452661818,0.610190717632199
15,10,0.0,cosine,75,5,euclidean,eom,True,158,0.0988,0.6614,0.6435,0.5915632754342431,0.6745516978252575,0.5504026659261315,0.6055058797285441,0.5709829706801873
15,10,0.0,cosine,75,10,euclidean,eom,True,145,0.1034,0.66,0.6396,0.6143920595533499,0.6692102251049219,0.5395723410163842,0.6077248752248853,0.576982200284867
15,10,0.0,cosine,75,20,euclidean,eom,True,133,0.1024,0.6451,0.6664,0.6094292803970224,0.6123616940099199,0.613996112191058,0.6119290288660001,0.6117126962940402
15,10,0.0,cosine,100,5,euclidean,eom,True,125,0.1152,0.6664,0.6641,0.6729528535980148,0.6936283861121708,0.6076089975006943,0.6580634124036266,0.6402809255493546
15,10,0.0,cosine,100,10,euclidean,eom,True,116,0.1125,0.6672,0.6604,0.6595533498759306,0.6966806562380771,0.5973340738683699,0.6511893599941259,0.6284437118721502
15,10,0.0,cosine,100,20,euclidean,eom,True,107,0.1143,0.6589,0.6778,0.66848635235732,0.6650133536818009,0.6456539850041654,0.6597178970144287,0.6570701686807427
15,10,0.0,cosine,150,5,euclidean,eom,True,38,0.004,0.5211,0.7881,0.12109181141439206,0.13925982449446786,0.9519577895029159,0.4041031418039253,0.5365248004586539
15,10,0.0,cosine,150,10,euclidean,eom,True,38,0.0059,0.5237,0.7737,0.13052109181141439,0.149179702403663,0.9119688975284644,0.39722323058118064,0.5212449946699395
15,10,0.0,cosine,150,20,euclidean,eom,True,41,-0.0091,0.5098,0.7837,0.05607940446650124,0.09614650896604368,0.9397389613996111,0.36398829161071866,0.4979091829330562
15,10,0.0,cosine,200,5,euclidean,eom,True,35,0.0208,0.5514,0.7942,0.2044665012406948,0.25486455551316295,0.9688975284643155,0.4760761950727244,0.5866820148525052
15,10,0.0,cosine,200,10,euclidean,eom,True,35,0.0212,0.5486,0.796,0.20645161290322578,0.24418161007249137,0.973896139961122,0.4748431209789464,0.5901738764321739
15,10,0.0,cosine,200,20,euclidean,eom,True,36,0.0219,0.5528,0.7873,0.2099255583126551,0.26020602823349853,0.949736184393224,0.47328925697979257,0.5798308713529395
30,3,0.0,cosine,10,5,euclidean,eom,True,911,0.0606,0.7446,0.4564,0.401985111662531,0.9919877909194964,0.030824770896973056,0.4749325578263335,0.21640494127975202
30,3,0.0,cosine,10,10,euclidean,eom,True,642,0.0736,0.7033,0.5084,0.46650124069478904,0.8344143456695918,0.17522910302693692,0.4920482297971059,0.320865171860863
30,3,0.0,cosine,10,20,euclidean,eom,True,381,0.0711,0.652,0.554,0.4540942928039702,0.6386875238458604,0.301860594279367,0.46488080364306583,0.3779774435416686
30,3,0.0,cosine,20,5,euclidean,eom,True,488,0.0773,0.6662,0.5189,0.48486352357320095,0.6928653185806944,0.20438767009164135,0.4607055040818456,0.34462559683242117
30,3,0.0,cosine,20,10,euclidean,eom,True,390,0.0888,0.6379,0.5613,0.5419354838709677,0.5848912628767646,0.3221327409053042,0.4829864958843455,0.43203411238813594
30,3,0.0,cosine,20,20,euclidean,eom,True,327,0.0896,0.6141,0.5916,0.5459057071960297,0.4940862266310568,0.40627603443487925,0.4820893227539886,0.4760908708154545
30,3,0.0,cosine,30,5,euclidean,eom,True,341,0.0791,0.6364,0.5574,0.49379652605459057,0.5791682563906905,0.31130241599555686,0.4614223994802793,0.4025494710250737
30,3,0.0,cosine,30,10,euclidean,eom,True,283,0.0886,0.611,0.6052,0.5409429280397022,0.4822586798931705,0.4440433212996389,0.48908164307750385,0.49249312466967055
30,3,0.0,cosine,30,20,euclidean,eom,True,265,0.096,0.6075,0.6091,0.577667493796526,0.4689049980923313,0.45487364620938625,0.5004820460327479,0.5162705700029562
30,3,0.0,cosine,50,5,euclidean,eom,True,220,0.0771,0.615,0.6192,0.4838709677419355,0.4975200305227012,0.4829214107192446,0.4881041363279604,0.48339618923059
30,3,0.0,cosine,50,10,euclidean,eom,True,191,0.0832,0.6204,0.6213,0.5141439205955335,0.5181228538725675,0.4887531241321854,0.5070066328667622,0.5014485223638594
30,3,0.0,cosine,50,20,euclidean,eom,True,182,0.0774,0.6049,0.6343,0.48535980148883373,0.4589851201831362,0.5248542071646765,0.4897330429455488,0.5051070043267551
30,3,0.0,cosine,75,5,euclidean,eom,True,159,0.0852,0.6252,0.629,0.5240694789081886,0.5364364746280045,0.5101360733129686,0.523547342283054,0.5171027761105786
30,3,0.0,cosine,75,10,euclidean,eom,True,146,0.0952,0.6103,0.6539,0.573697270471464,0.4795879435330025,0.5792835323521245,0.5441895821188636,0.5764904014117942
30,3,0.0,cosine,75,20,euclidean,eom,True,135,0.0944,0.6119,0.6714,0.569727047146402,0.48569248378481494,0.6278811441266315,0.5611002250192828,0.5988040956365168
30,3,0.0,cosine,100,5,euclidean,eom,True,125,0.0948,0.6216,0.6711,0.571712158808933,0.5227012590614271,0.6270480422104971,0.5738204866936191,0.599380100509715
30,3,0.0,cosine,100,10,euclidean,eom,True,125,0.0992,0.6232,0.6677,0.5935483870967742,0.5288057993132391,0.617606220494307,0.5799868023014402,0.6055773037955405
30,3,0.0,cosine,100,20,euclidean,eom,True,115,0.0975,0.6104,0.6763,0.5851116625310173,0.4799694772987411,0.6414884754234935,0.5688565384177506,0.6133000689772554
30,3,0.0,cosine,150,5,euclidean,eom,True,89,0.1052,0.6517,0.6977,0.6233250620347394,0.6375429225486453,0.7009164121077478,0.6539281322303775,0.6621207370712436
30,3,0.0,cosine,150,10,euclidean,eom,True,84,0.1089,0.6738,0.7047,0.6416873449131513,0.7218618847768025,0.7203554568175506,0.6946348955025013,0.681021400865351
30,3,0.0,cosine,150,20,euclidean,eom,True,79,0.1169,0.6544,0.7033,0.6813895781637717,0.6478443342235787,0.7164676478755903,0.6819005200876469,0.698928613019681
30,3,0.0,cosine,200,5,euclidean,eom,True,73,0.1084,0.6616,0.7219,0.6392059553349876,0.6753147653567338,0.7681199666759233,0.6942135624558815,0.7036629610054554
30,3,0.0,cosine,200,10,euclidean,eom,True,74,0.1087,0.6703,0.7172,0.6406947890818858,0.7085082029759634,0.7550680366564841,0.7014236762381111,0.697881412869185
30,3,0.0,cosine,200,20,euclidean,eom,True,70,0.0999,0.6614,0.7136,0.5970223325062035,0.6745516978252575,0.7450708136628714,0.6722149479981109,0.6710465730845374
30,5,0.0,cosine,10,5,euclidean,eom,True,819,0.1014,0.7327,0.4866,0.6044665012406948,0.9465852727966425,0.11469036378783672,0.555247379275058,0.35957843251426574
30,5,0.0,cosine,10,10,euclidean,eom,True,637,0.0954,0.698,0.5216,0.5746898263027295,0.8141930560854633,0.2118855873368508,0.5335894899083479,0.39328770681979014
30,5,0.0,cosine,10,20,euclidean,eom,True,390,0.1299,0.6559,0.5576,0.7459057071960297,0.6535673407096529,0.31185781727297973,0.5704436217262208,0.5288817622345047
30,5,0.0,cosine,20,5,euclidean,eom,True,472,0.0952,0.6682,0.5381,0.573697270471464,0.7004959938954598,0.2577061927242434,0.5106331523637224,0.41570173159785373
30,5,0.0,cosine,20,10,euclidean,eom,True,392,0.1204,0.6505,0.5687,0.698759305210918,0.6329645173597862,0.3426825881699528,0.5581354702468856,0.5207209466904354
30,5,0.0,cosine,20,20,euclidean,eom,True,345,0.1369,0.6339,0.5894,0.7806451612903225,0.5696299122472339,0.40016662038322703,0.5834805646402611,0.5904058908367747
30,5,0.0,cosine,30,5,euclidean,eom,True,322,0.1199,0.6385,0.5846,0.6962779156327543,0.587180465471194,0.3868369897250764,0.5567651236096749,0.5415574526789153
30,5,0.0,cosine,30,10,euclidean,eom,True,288,0.124,0.6233,0.6127,0.7166253101736972,0.5291873330789774,0.46487086920299925,0.5702278374852247,0.5907480896883482
30,5,0.0,cosine,30,20,euclidean,eom,True,263,0.1265,0.6072,0.624,0.7290322580645161,0.4677603967951162,0.4962510413773952,0.5643478987456758,0.6126416497209557
30,5,0.0,cosine,50,5,euclidean,eom,True,203,0.1103,0.6355,0.634,0.6486352357320098,0.575734452499046,0.5240211052485422,0.582796931159866,0.586328170490276
30,5,0.0,cosine,50,10,euclidean,eom,True,187,0.1165,0.6203,0.6516,0.6794044665012408,0.5177413201068293,0.5728964176617605,0.5900140680899435,0.6261504420815006
30,5,0.0,cosine,50,20,euclidean,eom,True,176,0.1164,0.6193,0.6595,0.678908188585608,0.5139259824494466,0.5948347681199666,0.5958896463850071,0.6368714783527873
30,5,0.0,cosine,75,5,euclidean,eom,True,153,0.1243,0.6392,0.6575,0.7181141439205955,0.589851201831362,0.5892807553457372,0.6324153670325648,0.6536974496331663
30,5,0.0,cosine,75,10,euclidean,eom,True,139,0.1226,0.6324,0.6636,0.7096774193548387,0.5639069057611596,0.6062204943071369,0.6266016064743783,0.6579489568309878
30,5,0.0,cosine,75,20,euclidean,eom,True,132,0.1192,0.6364,0.673,0.6928039702233251,0.5791682563906905,0.6323243543460151,0.6347655269866769,0.6625641622846701
30,5,0.0,cosine,100,5,euclidean,eom,True,122,0.1309,0.6328,0.681,0.7508684863523573,0.565433040824113,0.6545404054429327,0.6569473108731343,0.702704445897645
30,5,0.0,cosine,100,10,euclidean,eom,True,114,0.1247,0.6456,0.6735,0.7200992555831265,0.614269362838611,0.6337128575395723,0.6560271586537699,0.6769060565613494
30,5,0.0,cosine,100,20,euclidean,eom,True,110,0.1283,0.6391,0.6786,0.7379652605459056,0.5894696680656237,0.6478755901138572,0.6584368395751289,0.6929204253298814
30,5,0.0,cosine,150,5,euclidean,eom,True,83,0.1169,0.6639,0.6968,0.6813895781637717,0.6840900419687144,0.6984171063593446,0.6879655754972768,0.6899033422615581
30,5,0.0,cosine,150,10,euclidean,eom,True,81,0.1328,0.6716,0.7077,0.7602977667493797,0.7134681419305607,0.7286864759788948,0.7341507948862783,0.7444921213641372
30,5,0.0,cosine,150,20,euclidean,eom,True,81,0.1425,0.6654,0.7084,0.8084367245657568,0.6898130484547882,0.7306303804498752,0.7429600511568067,0.769533552507816
30,5,0.0,cosine,200,5,euclidean,eom,True,37,-0.0113,0.5162,0.7663,0.045161290322580656,0.12056466997329268,0.8914190502638155,0.35238167018656297,0.4682901702931981
30,5,0.0,cosine,200,10,euclidean,eom,True,68,0.1213,0.6691,0.7173,0.7032258064516128,0.7039297977871042,0.7553457372951959,0.7208337805113043,0.7292857718734044
30,5,0.0,cosine,200,20,euclidean,eom,True,66,0.1441,0.6864,0.7132,0.8163771712158808,0.7699351392598245,0.7439600111080255,0.7767574405279102,0.7801685911619531
30,10,0.0,cosine,10,5,euclidean,eom,True,875,0.0976,0.7289,0.4877,0.5856079404466501,0.9320869896985882,0.11774507081366299,0.5451466669863004,0.35167650563015657
30,10,0.0,cosine,10,10,euclidean,eom,True,658,0.0979,0.7071,0.5216,0.5870967741935483,0.8489126287676456,0.2118855873368508,0.5492983300993483,0.39949118076519957
30,10,0.0,cosine,10,20,euclidean,eom,True,396,0.1175,0.6581,0.566,0.6843672456575681,0.6619610835558947,0.335184670924743,0.560504333379402,0.5097759582911556
30,10,0.0,cosine,20,5,euclidean,eom,True,457,0.0959,0.6545,0.546,0.5771712158808933,0.6482258679893169,0.27964454318244947,0.5016805423508865,0.42840787953167137
30,10,0.0,cosine,20,10,euclidean,eom,True,410,0.1087,0.6529,0.5679,0.6406947890818858,0.6421213277375049,0.34046098306026096,0.5410923666265505,0.4905778860710734
30,10,0.0,cosine,20,20,euclidean,eom,True,330,0.1111,0.6288,0.5933,0.6526054590570719,0.5501716901945823,0.41099694529297437,0.537924698181543,0.5318012021750231
30,10,0.0,cosine,30,5,euclidean,eom,True,315,0.1171,0.6257,0.587,0.6823821339950372,0.538344143456696,0.39350180505415155,0.5380760275019615,0.5379419695245944
30,10,0.0,cosine,30,10,euclidean,eom,True,297,0.1376,0.6239,0.6124,0.7841191066997518,0.5314765356734071,0.46403776728686497,0.5932111365533413,0.6240784369933083
30,10,0.0,cosine,30,20,euclidean,eom,True,250,0.1145,0.5952,0.629,0.6694789081885857,0.421976344906524,0.5101360733129686,0.5338637754693595,0.5898074907507771
30,10,0.0,cosine,50,5,euclidean,eom,True,189,0.1112,0.6249,0.637,0.6531017369727047,0.5352918733307898,0.5323521244098862,0.5735819115711269,0.5927269306912955
30,10,0.0,cosine,50,10,euclidean,eom,True,184,0.118,0.6223,0.6451,0.6868486352357319,0.5253719954215946,0.5548458761455152,0.5890221689342806,0.6208472556906235
30,10,0.0,cosine,50,20,euclidean,eom,True,171,0.1193,0.6216,0.6546,0.6933002481389577,0.5227012590614271,0.5812274368231046,0.5990763146744964,0.6372638424810312
30,10,0.0,cosine,75,5,euclidean,eom,True,139,0.1342,0.6482,0.6534,0.7672456575682383,0.6241892407478061,0.577895029158567,0.6564433091582038,0.6725703433634027
30,10,0.0,cosine,75,10,euclidean,eom,True,143,0.1468,0.6462,0.6576,0.8297766749379653,0.6165585654330408,0.5895584559844487,0.678631232118485,0.709667565461207
30,10,0.0,cosine,75,20,euclidean,eom,True,135,0.1238,0.6296,0.6738,0.7156327543424317,0.5532239603204885,0.6345459594557067,0.6344675580395424,0.6750893568990692
30,10,0.0,cosine,100,5,euclidean,eom,True,114,0.1386,0.6596,0.663,0.7890818858560794,0.6676840900419685,0.6045542904748682,0.6871067554576387,0.6968180881654737
30,10,0.0,cosine,100,10,euclidean,eom,True,103,0.1477,0.6544,0.6815,0.83424317617866,0.6478443342235787,0.6559289086364899,0.7126721396795762,0.7450860424075749
30,10,0.0,cosine,100,20,euclidean,eom,True,107,0.1356,0.6636,0.6842,0.7741935483870968,0.6829454406714992,0.6634268258816997,0.7068552716467652,0.7188101871343981
30,10,0.0,cosine,150,5,euclidean,eom,True,86,0.1481,0.6907,0.6883,0.8362282878411911,0.7863410911865699,0.6748125520688698,0.7657939770322103,0.7555204199550305
30,10,0.0,cosine,150,10,euclidean,eom,True,79,0.1435,0.6886,0.695,0.8133995037220842,0.7783288821060663,0.693418494862538,0.7617156268968962,0.7534089992923112
30,10,0.0,cosine,150,20,euclidean,eom,True,85,0.1496,0.6976,0.7008,0.8436724565756824,0.8126669210225104,0.7095251319078033,0.7886215031686653,0.7765987942417428
30,10,0.0,cosine,200,5,euclidean,eom,True,59,0.1303,0.6661,0.7202,0.7478908188585608,0.6924837848149562,0.7633990558178283,0.7345912198304484,0.7556449373381946
30,10,0.0,cosine,200,10,euclidean,eom,True,59,0.1437,0.6746,0.7278,0.8143920595533498,0.7249141549027087,0.7845043043599,0.7746035062719862,0.7994481819566249
30,10,0.0,cosine,200,20,euclidean,eom,True,62,0.1718,0.6984,0.7249,0.9538461538461538,0.8157191911484166,0.7764509858372673,0.8486721102772793,0.8651485698417105
50,3,0.0,cosine,10,5,euclidean,eom,True,832,0.0686,0.7435,0.4547,0.4416873449131513,0.9877909194963755,0.02610386003887814,0.4851940414828016,0.23389560247601474
50,3,0.0,cosine,10,10,euclidean,eom,True,552,0.0829,0.696,0.5153,0.5126550868486353,0.806562380770698,0.19439044709802833,0.5045359715724538,0.3535227669733318
50,3,0.0,cosine,10,20,euclidean,eom,True,351,0.1073,0.6527,0.5727,0.6337468982630273,0.641358260206028,0.3537906137184116,0.5429652573958222,0.49376875599071945
50,3,0.0,cosine,20,5,euclidean,eom,True,439,0.0868,0.6563,0.5405,0.5320099255583126,0.6550934757726058,0.26437100805331853,0.48382480312807896,0.3981904668058156
50,3,0.0,cosine,20,10,euclidean,eom,True,339,0.0959,0.633,0.5721,0.5771712158808933,0.5661961083555894,0.3521244098861429,0.4984972447075418,0.4646478128835181
50,3,0.0,cosine,20,20,euclidean,eom,True,307,0.1067,0.6225,0.6038,0.6307692307692306,0.5261350629530716,0.44015551235767847,0.5323532686933269,0.5354623715634546
50,3,0.0,cosine,30,5,euclidean,eom,True,296,0.0885,0.6328,0.5832,0.5404466501240694,0.565433040824113,0.38294918078311596,0.4962762905770995,0.46169791545359273
50,3,0.0,cosine,30,10,euclidean,eom,True,270,0.0989,0.63,0.6033,0.5920595533498759,0.5547500953834414,0.438767009164121,0.5285255526324795,0.5154132812569985
50,3,0.0,cosine,30,20,euclidean,eom,True,239,0.095,0.6046,0.625,0.5727047146401985,0.4578405188859215,0.4990280477645099,0.5098577604302099,0.5358663812023542
50,3,0.0,cosine,50,5,euclidean,eom,True,206,0.0906,0.616,0.6231,0.5508684863523573,0.501335368180084,0.49375173562899194,0.5153185300538111,0.5223101109906746
50,3,0.0,cosine,50,10,euclidean,eom,True,195,0.1005,0.6144,0.6407,0.6,0.49523082792827144,0.5426270480422106,0.545952625323494,0.5713135240211054
50,3,0.0,cosine,50,20,euclidean,eom,True,173,0.1008,0.6208,0.649,0.6014888337468982,0.5196489889355208,0.5656762010552625,0.5622713412458938,0.5835825174010804
50,3,0.0,cosine,75,5,euclidean,eom,True,153,0.0913,0.6248,0.6487,0.5543424317617867,0.5349103395650515,0.5648430991391282,0.5513652901553221,0.5595927654504574
50,3,0.0,cosine,75,10,euclidean,eom,True,154,0.0969,0.6221,0.6439,0.5821339950372209,0.5246089278901183,0.5515134684809776,0.5527521304694388,0.5668237317590992
50,3,0.0,cosine,75,20,euclidean,eom,True,140,0.0977,0.6243,0.6592,0.5861042183622829,0.53300267073636,0.5940016662038323,0.5710361851008251,0.5900529422830576
50,3,0.0,cosine,100,5,euclidean,eom,True,129,0.0953,0.6264,0.6644,0.5741935483870967,0.5410148798168636,0.6084420994168287,0.5745501758735964,0.5913178239019627
50,3,0.0,cosine,100,10,euclidean,eom,True,125,0.0957,0.6416,0.6551,0.5761786600496277,0.5990080122090803,0.5826159400166621,0.58593420409179,0.5793973000331449
50,3,0.0,cosine,100,20,euclidean,eom,True,119,0.1029,0.6252,0.6786,0.6119106699751861,0.5364364746280045,0.6478755901138572,0.5987409115723493,0.6298931300445216
50,3,0.0,cosine,150,5,euclidean,eom,True,46,-0.0179,0.4891,0.7731,0.012406947890818868,0.017169019458222065,0.9103026936961955,0.3132928870150788,0.4613548207935072
50,3,0.0,cosine,150,10,euclidean,eom,True,90,0.1082,0.6578,0.7026,0.638213399503722,0.6608164822586801,0.7145237434046099,0.6711845417223374,0.676368571454166
50,3,0.0,cosine,150,20,euclidean,eom,True,87,0.1022,0.6483,0.713,0.6084367245657568,0.6245707745135444,0.7434046098306025,0.6588040363033012,0.6759206671981797
50,3,0.0,cosine,200,5,euclidean,eom,True,40,-0.0169,0.515,0.7911,0.017369727047146417,0.11598626478443354,0.96028880866426,0.36454826683194663,0.48882926785570324
50,3,0.0,cosine,200,10,euclidean,eom,True,75,0.1096,0.668,0.7176,0.6451612903225806,0.6997329263639833,0.7561788392113302,0.700357685299298,0.7006700647669555
50,3,0.0,cosine,200,20,euclidean,eom,True,67,0.1089,0.6612,0.7383,0.6416873449131513,0.673788630293781,0.8136628714246041,0.7097129488771788,0.7276751081688777
50,5,0.0,cosine,10,5,euclidean,eom,True,717,0.0998,0.7153,0.5074,0.5965260545905707,0.880198397558184,0.17245209663982222,0.549725516262859,0.38448907561519646
50,5,0.0,cosine,10,10,euclidean,eom,True,544,0.114,0.6754,0.5407,0.6669975186104219,0.727966425028615,0.2649264093307414,0.5532967843232593,0.46596196397058165
50,5,0.0,cosine,10,20,euclidean,eom,True,327,0.1311,0.652,0.5837,0.7518610421836227,0.6386875238458604,0.3843376839766732,0.5916287500020522,0.568099363080148
50,5,0.0,cosine,20,5,euclidean,eom,True,407,0.1228,0.6491,0.565,0.7106699751861042,0.6276230446394506,0.3324076645376283,0.556900228121061,0.5215388198618662
50,5,0.0,cosine,20,10,euclidean,eom,True,344,0.1276,0.6326,0.5825,0.7344913151364764,0.5646699732926366,0.3810052763121356,0.5600555215804162,0.557748295724306
50,5,0.0,cosine,20,20,euclidean,eom,True,286,0.1218,0.6252,0.6061,0.7057071960297766,0.5364364746280045,0.44654262704804215,0.5628954325686077,0.5761249115389093
50,5,0.0,cosine,30,5,euclidean,eom,True,292,0.1206,0.6318,0.6057,0.6997518610421837,0.5616177031667303,0.4454318244931964,0.5689337962340368,0.57259184276769
50,5,0.0,cosine,30,10,euclidean,eom,True,270,0.1233,0.6178,0.6168,0.7131513647642679,0.5082029759633728,0.47625659539016946,0.56587031203927,0.5947039800772187
50,5,0.0,cosine,30,20,euclidean,eom,True,237,0.1232,0.6181,0.6277,0.7126550868486352,0.5093475772605874,0.5065259650097197,0.576176209706314,0.6095905259291774
50,5,0.0,cosine,50,5,euclidean,eom,True,188,0.1144,0.6303,0.6352,0.6689826302729528,0.555894696680656,0.5273535129130796,0.5840769466222295,0.5981680715930162
50,5,0.0,cosine,50,10,euclidean,eom,True,176,0.1139,0.6244,0.6459,0.666501240694789,0.5333842045020982,0.557067481255207,0.5856509754840314,0.611784360974998
50,5,0.0,cosine,50,20,euclidean,eom,True,161,0.1211,0.6143,0.6545,0.7022332506203475,0.4948492941625332,0.5809497361843932,0.5926774269890912,0.6415914934023703
50,5,0.0,cosine,75,5,euclidean,eom,True,143,0.0994,0.6231,0.6649,0.5945409429280397,0.5284242655475009,0.6098306026103861,0.5775986036953089,0.6021857727692129
50,5,0.0,cosine,75,10,euclidean,eom,True,130,0.1395,0.6423,0.6504,0.7935483870967742,0.6016787485692483,0.569564009997223,0.6549303818877485,0.6815561985469987
50,5,0.0,cosine,75,20,euclidean,eom,True,122,0.1222,0.6426,0.6633,0.7076923076923076,0.6028233498664629,0.6053873923910025,0.6386343499832577,0.656539850041655
50,5,0.0,cosine,100,5,euclidean,eom,True,118,0.1198,0.6407,0.671,0.6957816377171215,0.5955742083174362,0.6267703415717858,0.6393753958687812,0.6612759896444537
50,5,0.0,cosine,100,10,euclidean,eom,True,108,0.1325,0.6611,0.6536,0.7588089330024814,0.6734070965280428,0.5784504304359899,0.6702221533221714,0.6686296817192356
50,5,0.0,cosine,100,20,euclidean,eom,True,103,0.1482,0.6544,0.6676,0.8367245657568237,0.6478443342235787,0.6173285198555956,0.7006324732786661,0.7270265428062097
50,5,0.0,cosine,150,5,euclidean,eom,True,86,0.1323,0.6581,0.6978,0.7578163771712159,0.6619610835558947,0.7011941127464593,0.7069905244911899,0.7295052449588375
50,5,0.0,cosine,150,10,euclidean,eom,True,80,0.1491,0.6713,0.6904,0.8411910669975187,0.712323540633346,0.6806442654818107,0.7447196243708918,0.7609176662396646
50,5,0.0,cosine,150,20,euclidean,eom,True,82,0.142,0.6622,0.7012,0.805955334987593,0.6776039679511636,0.7106359344626494,0.7313984124671352,0.7582956347251212
50,5,0.0,cosine,200,5,euclidean,eom,True,72,0.1808,0.6792,0.7183,0.9985111662531017,0.7424647081266692,0.7581227436823106,0.8330328726873605,0.8783169549677061
50,5,0.0,cosine,200,10,euclidean,eom,True,70,0.1766,0.6643,0.7037,0.9776674937965261,0.6856161770316672,0.717578450430436,0.7936207070862098,0.847622972113481
50,5,0.0,cosine,200,20,euclidean,eom,True,38,0.0189,0.5026,0.77,0.19503722084367245,0.06867607783288847,0.90169397389614,0.388469090857567,0.5483655973699062
50,10,0.0,cosine,10,5,euclidean,eom,True,724,0.1206,0.7175,0.5086,0.6997518610421837,0.8885921404044258,0.1757845043043601,0.5880428352503232,0.4377681826732719
50,10,0.0,cosine,10,10,euclidean,eom,True,551,0.1378,0.6875,0.5358,0.7851116625310174,0.7741320106829453,0.2513190780338797,0.6035209170826141,0.5182153702824486
50,10,0.0,cosine,10,20,euclidean,eom,True,340,0.1374,0.6535,0.5708,0.7831265508684863,0.6444105303319342,0.3485143015828936,0.592017127594438,0.56582042622569
50,10,0.0,cosine,20,5,euclidean,eom,True,423,0.1403,0.6551,0.5665,0.7975186104218362,0.6505150705837467,0.3365731741183005,0.5948689517079612,0.5670458922700684
50,10,0.0,cosine,20,10,euclidean,eom,True,358,0.1408,0.648,0.57,0.8,0.6234261732163296,0.3462926964732018,0.5899062898965105,0.5731463482366009
50,10,0.0,cosine,20,20,euclidean,eom,True,302,0.1467,0.6268,0.6005,0.8292803970223325,0.542541014879817,0.4309913912802001,0.6009376010607832,0.6301358941512663
50,10,0.0,cosine,30,5,euclidean,eom,True,301,0.1457,0.6405,0.6002,0.8243176178660049,0.5948111407859593,0.43015828936406547,0.6164290160053432,0.6272379536150352
50,10,0.0,cosine,30,10,euclidean,eom,True,264,0.1386,0.6212,0.6172,0.7890818858560794,0.5211751239984738,0.4773673979450152,0.5958748025998561,0.6332246419005473
50,10,0.0,cosine,30,20,euclidean,eom,True,236,0.1297,0.6047,0.6326,0.7449131513647643,0.4582220526516597,0.5201332963065817,0.5744228334410019,0.632523223835673
50,10,0.0,cosine,50,5,euclidean,eom,True,200,0.1371,0.6345,0.6362,0.781637717121588,0.5719191148416632,0.5301305193001944,0.627895783754482,0.6558841182108912
50,10,0.0,cosine,50,10,euclidean,eom,True,193,0.141,0.6238,0.6453,0.8009925558312654,0.5310950019076689,0.5554012774229381,0.6291629450539574,0.6781969166271018
50,10,0.0,cosine,50,20,euclidean,eom,True,166,0.1207,0.6054,0.6546,0.7002481389578163,0.46089278901182773,0.5812274368231046,0.5807894549309163,0.6407377878904605
50,10,0.0,cosine,75,5,euclidean,eom,True,134,0.1249,0.6299,0.6619,0.7210918114143919,0.5543685616177032,0.6014995834490421,0.6256533188270458,0.661295697431717
50,10,0.0,cosine,75,10,euclidean,eom,True,136,0.1218,0.6272,0.6543,0.7057071960297766,0.5440671499427698,0.5803943349069703,0.610056226959839,0.6430507654683735
50,10,0.0,cosine,75,20,euclidean,eom,True,130,0.1324,0.6238,0.6702,0.7583126550868485,0.5310950019076689,0.624548736462094,0.6379854644855372,0.6914306957744712
50,10,0.0,cosine,100,5,euclidean,eom,True,112,0.1272,0.6536,0.666,0.7325062034739455,0.6447920640976724,0.6128853096362122,0.6633945257359434,0.6726957565550788
50,10,0.0,cosine,100,10,euclidean,eom,True,106,0.1122,0.6434,0.6674,0.6580645161290322,0.6058756199923692,0.6167731185781727,0.6269044182331913,0.6374188173536024
50,10,0.0,cosine,100,20,euclidean,eom,True,110,0.1244,0.6391,0.6749,0.7186104218362281,0.5894696680656237,0.6376006664815331,0.648560252127795,0.6781055441588806
50,10,0.0,cosine,150,5,euclidean,eom,True,83,0.1549,0.6795,0.6852,0.8699751861042183,0.7436093094238839,0.6662038322688143,0.7599294425989722,0.7680895091865163
50,10,0.0,cosine,150,10,euclidean,eom,True,78,0.1424,0.6718,0.6884,0.807940446650124,0.7142312094620371,0.6750902527075813,0.7324206362732474,0.7415153496788527
50,10,0.0,cosine,150,20,euclidean,eom,True,79,0.137,0.6595,0.7114,0.7811414392059554,0.6673025562762303,0.7389613996112192,0.7291351316978018,0.7600514194085872
50,10,0.0,cosine,200,5,euclidean,eom,True,66,0.1806,0.6864,0.7088,0.9975186104218362,0.7699351392598245,0.7317411830047209,0.8330649775621272,0.8646298967132786
50,10,0.0,cosine,200,10,euclidean,eom,True,65,0.1688,0.6815,0.7175,0.9389578163771712,0.7512399847386493,0.7559011385726188,0.8153663132294797,0.8474294774748949
50,10,0.0,cosine,200,20,euclidean,eom,True,62,0.1809,0.6726,0.7315,0.9990074441687344,0.7172834795879434,0.7947792279922244,0.8370233839163007,0.8968933360804794
100,3,0.0,cosine,10,5,euclidean,eom,True,689,0.0897,0.7467,0.459,0.5464019851116625,1.0,0.03804498750347138,0.5281489908717113,0.29222348630756695
100,3,0.0,cosine,10,10,euclidean,eom,True,483,0.1128,0.689,0.5246,0.6610421836228286,0.7798550171690192,0.22021660649819488,0.5537046024300142,0.44062939506051174
100,3,0.0,cosine,10,20,euclidean,eom,True,305,0.0904,0.6449,0.5786,0.5498759305210917,0.6115986264784434,0.37017495140238826,0.5105498361339744,0.46002544096174003
100,3,0.0,cosine,20,5,euclidean,eom,True,388,0.0868,0.6593,0.5431,0.5320099255583126,0.6665394887447539,0.27159122465981683,0.49004687965429444,0.40180057510906475
100,3,0.0,cosine,20,10,euclidean,eom,True,302,0.0932,0.6338,0.5845,0.563771712158809,0.5692483784814957,0.386559289086365,0.5065264599088899,0.475165500622587
100,3,0.0,cosine,20,20,euclidean,eom,True,256,0.0977,0.6016,0.6185,0.5861042183622829,0.44639450591377344,0.4809775062482645,0.5044920768414403,0.5335408623052738
100,3,0.0,cosine,30,5,euclidean,eom,True,282,0.0913,0.6326,0.5856,0.5543424317617867,0.5646699732926366,0.3896139961121911,0.5028754670555381,0.4719782139369889
100,3,0.0,cosine,30,10,euclidean,eom,True,230,0.0951,0.6117,0.6167,0.5732009925558312,0.4849294162533385,0.47597889475145805,0.5113697678535426,0.5245899436536446
100,3,0.0,cosine,30,20,euclidean,eom,True,215,0.1032,0.6056,0.6283,0.6133995037220843,0.4616558565433042,0.5081921688419883,0.5277491763691255,0.5607958362820362
100,3,0.0,cosine,50,5,euclidean,eom,True,194,0.0884,0.6077,0.6297,0.5399503722084368,0.46966806562380775,0.512079977783949,0.5072328052053979,0.5260151749961929
100,3,0.0,cosine,50,10,euclidean,eom,True,160,0.0931,0.6206,0.6494,0.5632754342431762,0.5188859214040444,0.5667870036101083,0.5496494530857764,0.5650312189266422
100,3,0.0,cosine,50,20,euclidean,eom,True,159,0.1054,0.6226,0.6469,0.6243176178660049,0.5265165967188098,0.5598444876423216,0.5702262340757122,0.5920810527541633
100,3,0.0,cosine,75,5,euclidean,eom,True,141,0.1004,0.6085,0.6672,0.5995037220843672,0.472720335749714,0.6162177173007498,0.5628139250449437,0.6078607196925585
100,3,0.0,cosine,75,10,euclidean,eom,True,124,0.0967,0.5927,0.6836,0.5811414392059553,0.4124380007630676,0.6617606220494306,0.5517800206728178,0.621451030627693
100,3,0.0,cosine,75,20,euclidean,eom,True,126,0.1041,0.5921,0.6688,0.6178660049627791,0.41014879816863775,0.6206609275201331,0.54955857688385,0.6192634662414561
100,3,0.0,cosine,100,5,euclidean,eom,True,114,0.1093,0.6175,0.697,0.6436724565756823,0.5070583746661581,0.6989725076367674,0.6165677796262027,0.6713224821062249
100,3,0.0,cosine,100,10,euclidean,eom,True,107,0.1034,0.6121,0.7028,0.6143920595533499,0.4864555513162914,0.7150791446820327,0.6053089185172246,0.6647356021176913
100,3,0.0,cosine,100,20,euclidean,eom,True,109,0.1106,0.6119,0.6883,0.6501240694789082,0.48569248378481494,0.6748125520688698,0.6035430351108643,0.662468310773889
100,3,0.0,cosine,150,5,euclidean,eom,True,83,0.1204,0.6663,0.7308,0.698759305210918,0.6932468523464326,0.7928353235212441,0.728280493692865,0.745797314366081
100,3,0.0,cosine,150,10,euclidean,eom,True,84,0.1171,0.6369,0.7311,0.6823821339950372,0.581075925219382,0.7936684254373785,0.6857088282172659,0.7380252797162079
100,3,0.0,cosine,150,20,euclidean,eom,True,84,0.1225,0.6512,0.7267,0.7091811414392059,0.6356352537199542,0.7814495973340739,0.708755330831078,0.7453153693866399
100,3,0.0,cosine,200,5,euclidean,eom,True,73,0.1232,0.6753,0.7343,0.7126550868486352,0.7275848912628767,0.8025548458761453,0.7475982746625524,0.7576049663623903
100,3,0.0,cosine,200,10,euclidean,eom,True,71,0.114,0.638,0.7497,0.6669975186104219,0.5852727966425029,0.8453207442377119,0.6991970198302123,0.7561591314240669
100,3,0.0,cosine,200,20,euclidean,eom,True,39,-0.016,0.4846,0.8054,0.021836228287841195,0.0,1.0,0.34061207609594707,0.5109181141439206
100,5,0.0,cosine,10,5,euclidean,eom,True,567,0.1097,0.7101,0.5151,0.6456575682382133,0.8603586417397937,0.19383504582060546,0.5666170852662041,0.4197463070294094
100,5,0.0,cosine,10,10,euclidean,eom,True,449,0.129,0.6766,0.5499,0.741439205955335,0.7325448302174741,0.2904748680921968,0.5881529680883353,0.5159570370237658
100,5,0.0,cosine,10,20,euclidean,eom,True,300,0.1149,0.6263,0.5978,0.6714640198511166,0.5406333460511253,0.4234934740349903,0.545196946645744,0.5474787469430534
100,5,0.0,cosine,20,5,euclidean,eom,True,339,0.1179,0.6481,0.5756,0.6863523573200992,0.6238077069820679,0.3618439322410442,0.5573346655144038,0.5240981447805717
100,5,0.0,cosine,20,10,euclidean,eom,True,289,0.1291,0.6256,0.5998,0.7419354838709676,0.5379626096909578,0.42904748680921967,0.5696485267903818,0.5854914853400937
100,5,0.0,cosine,20,20,euclidean,eom,True,267,0.1179,0.6004,0.6239,0.6863523573200992,0.44181610072491434,0.49597334073868377,0.5413805995945657,0.5911628490293915
100,5,0.0,cosine,30,5,euclidean,eom,True,244,0.1304,0.6201,0.621,0.7483870967741935,0.5169782525753528,0.48792002221605113,0.5844284571885324,0.6181535594951223
100,5,0.0,cosine,30,10,euclidean,eom,True,233,0.1341,0.6189,0.626,0.7667493796526054,0.5123998473864937,0.5018050541516246,0.5936514270635745,0.6342772169021149
100,5,0.0,cosine,30,20,euclidean,eom,True,216,0.1142,0.5921,0.6485,0.6679900744416873,0.41014879816863775,0.564287697861705,0.5474755234906766,0.6161388861516961
100,5,0.0,cosine,50,5,euclidean,eom,True,179,0.1261,0.6106,0.6512,0.727047146401985,0.4807325448302176,0.5717856151069147,0.5931884354463725,0.6494163807544499
100,5,0.0,cosine,50,10,euclidean,eom,True,162,0.1296,0.6111,0.6692,0.7444168734491314,0.4826402136589087,0.6217717300749792,0.6162762723943398,0.6830943017620553
100,5,0.0,cosine,50,20,euclidean,eom,True,162,0.1155,0.5938,0.6747,0.6744416873449132,0.41663487218618844,0.6370452652041099,0.5760406082450705,0.6557434762745116
100,5,0.0,cosine,75,5,euclidean,eom,True,133,0.1327,0.6038,0.6805,0.7598014888337469,0.4547882487600153,0.6531519022493751,0.6225805466143791,0.706476695541561
100,5,0.0,cosine,75,10,euclidean,eom,True,131,0.1418,0.6076,0.6837,0.8049627791563275,0.46928653185806957,0.6620383226881421,0.6454292112341797,0.7335005509222348
100,5,0.0,cosine,75,20,euclidean,eom,True,132,0.1246,0.5826,0.6871,0.7196029776674938,0.3739030904235025,0.6714801444043322,0.5883287374984428,0.695541561035913
100,5,0.0,cosine,100,5,euclidean,eom,True,107,0.1365,0.629,0.6936,0.7786600496277916,0.5509347577260587,0.6895306859205776,0.673041831091476,0.7340953677741846
100,5,0.0,cosine,100,10,euclidean,eom,True,109,0.1484,0.6413,0.6878,0.8377171215880893,0.5978634109118656,0.6734240488753124,0.703001527125089,0.7555705852317008
100,5,0.0,cosine,100,20,euclidean,eom,True,112,0.1235,0.6179,0.6948,0.7141439205955334,0.5085845097291111,0.6928630935851152,0.6385305079699198,0.7035035070903244
100,5,0.0,cosine,150,5,euclidean,eom,True,80,0.157,0.6625,0.7225,0.8803970223325062,0.6787485692483783,0.7697861705081923,0.7763105873630257,0.8250915964203492
100,5,0.0,cosine,150,10,euclidean,eom,True,79,0.1566,0.6823,0.7176,0.878411910669975,0.7542922548645555,0.7561788392113302,0.7962943349152868,0.8172953749406526
100,5,0.0,cosine,150,20,euclidean,eom,True,77,0.1188,0.6506,0.7187,0.690818858560794,0.6333460511255244,0.7592335462371563,0.6944661519744916,0.7250262023989751
100,5,0.0,cosine,200,5,euclidean,eom,True,64,0.1288,0.6656,0.7234,0.7404466501240694,0.6905761159862647,0.7722854762565955,0.7344360807889765,0.7563660631903324
100,5,0.0,cosine,200,10,euclidean,eom,True,70,0.1436,0.6814,0.7264,0.8138957816377171,0.750858450972911,0.7806164954179396,0.7817902426761894,0.7972561385278284
100,5,0.0,cosine,200,20,euclidean,eom,True,67,0.1608,0.6687,0.7191,0.8992555831265509,0.7024036627241509,0.7603443487920021,0.7873345315475678,0.8297999659592765
100,10,0.0,cosine,10,5,euclidean,eom,True,605,0.1389,0.7154,0.5132,0.7905707196029776,0.8805799313239222,0.1885587336850875,0.6199031282039958,0.48956472664403256
100,10,0.0,cosine,10,10,euclidean,eom,True,438,0.1362,0.676,0.5611,0.7771712158808932,0.7302556276230447,0.3215773396278813,0.6096680610439398,0.5493742777543873
100,10,0.0,cosine,10,20,euclidean,eom,True,291,0.1452,0.6447,0.5922,0.8218362282878411,0.610835558946967,0.4079422382671479,0.613538008500652,0.6148892332774945
100,10,0.0,cosine,20,5,euclidean,eom,True,327,0.1357,0.6394,0.5813,0.7746898263027294,0.5906142693628385,0.377672868647598,0.5809923214377221,0.5761813474751637
100,10,0.0,cosine,20,10,euclidean,eom,True,293,0.1479,0.6321,0.6017,0.8352357320099255,0.562762304463945,0.43432379894473766,0.6107739451395361,0.6347797654773316
100,10,0.0,cosine,20,20,euclidean,eom,True,250,0.1462,0.608,0.6193,0.8267990074441687,0.47081266692102247,0.48319911135795607,0.5936035952410491,0.6549990594010624
100,10,0.0,cosine,30,5,euclidean,eom,True,260,0.1477,0.6392,0.6036,0.83424317617866,0.589851201831362,0.4396001110802556,0.6212314963634259,0.6369216436294578
100,10,0.0,cosine,30,10,euclidean,eom,True,230,0.1477,0.6135,0.629,0.83424317617866,0.4917970240366274,0.5101360733129686,0.612058757842752,0.6721896247458143
100,10,0.0,cosine,30,20,euclidean,eom,True,215,0.1578,0.6121,0.6367,0.8843672456575682,0.4864555513162914,0.5315190224937519,0.6341139398225372,0.7079431340756601
100,10,0.0,cosine,50,5,euclidean,eom,True,175,0.1404,0.6137,0.6489,0.7980148883374689,0.4925600915681039,0.565398500416551,0.6186578267740414,0.68170669437701
100,10,0.0,cosine,50,10,euclidean,eom,True,171,0.1527,0.6082,0.6611,0.8590570719602977,0.4715757344524989,0.5992779783393503,0.6433035949173823,0.729167525149824
100,10,0.0,cosine,50,20,euclidean,eom,True,159,0.1565,0.6057,0.6708,0.8779156327543424,0.4620373903090424,0.6262149402943625,0.6553893211192491,0.7520652865243524
100,10,0.0,cosine,75,5,euclidean,eom,True,141,0.162,0.6248,0.6604,0.9052109181141439,0.5349103395650515,0.5973340738683699,0.6791517771825216,0.7512724959912569
100,10,0.0,cosine,75,10,euclidean,eom,True,138,0.1756,0.6101,0.6759,0.9727047146401985,0.478824876001526,0.6403776728686474,0.6973024211701239,0.8065411937544229
100,10,0.0,cosine,75,20,euclidean,eom,True,120,0.1774,0.6283,0.6785,0.9816377171215881,0.5482640213658907,0.6475978894751457,0.7258332093208749,0.8146178032983669
100,10,0.0,cosine,100,5,euclidean,eom,True,108,0.164,0.6565,0.6795,0.915136476426799,0.6558565433040823,0.6503748958622605,0.7404559718643805,0.7827556861445297
100,10,0.0,cosine,100,10,euclidean,eom,True,106,0.1621,0.6481,0.6952,0.9057071960297766,0.6238077069820679,0.6939738961399613,0.7411629330506019,0.799840546084869
100,10,0.0,cosine,100,20,euclidean,eom,True,103,0.1811,0.6592,0.6885,1.0,0.6661579549790156,0.6753679533462927,0.780508636108436,0.8376839766731463
100,10,0.0,cosine,150,5,euclidean,eom,True,79,0.1781,0.6684,0.7072,0.9851116625310173,0.7012590614269362,0.7272979727853376,0.8045562322477636,0.8562048176581775
100,10,0.0,cosine,150,10,euclidean,eom,True,70,0.1467,0.6629,0.6993,0.8292803970223325,0.6802747043113316,0.7053596223271315,0.7383049078869318,0.7673200096747319
100,10,0.0,cosine,150,20,euclidean,eom,True,78,0.1746,0.6897,0.7001,0.967741935483871,0.7825257535291872,0.707581227436823,0.8192829721499604,0.837661581460347
100,10,0.0,cosine,200,5,euclidean,eom,True,63,0.1785,0.6683,0.706,0.9870967741935482,0.7008775276611979,0.7239655651207997,0.8039799556585153,0.8555311696571739
100,10,0.0,cosine,200,10,euclidean,eom,True,59,0.162,0.6678,0.7246,0.9052109181141439,0.6989698588325064,0.7756178839211331,0.7932662202892611,0.8404144010176384
100,10,0.0,cosine,200,20,euclidean,eom,True,60,0.1657,0.6683,0.7206,0.9235732009925557,0.7008775276611979,0.7645098583726743,0.796320195675476,0.8440415296826149
